Billing Code,Category,Description,Charge $,Charge T,Charge P,Charge P1
C101,OTHER PREMIUMS,INTENSIVE OR CORONARY CARE UNIT PREMIUM;For each patient seen on a visit to ICU or CCU (subject to the exceptions set out below),9.1,,,
C983B,SURGICAL ASSISTANTS’ SERVICES,"SPECIAL VISIT PREMIUMS;Sacrifice of Office Hours; Saturdays, Sundays or Holidays, daytime and evenings
(07:00h -24:00h), first patient seen",85.6,,,
C985C,ANAESTHESIOLOGISTS’ SERVICES,"SPECIAL VISIT PREMIUMS;Evenings, Weekend/Holiday, Nights and Sacrifice of Office Hours;Saturdays, Sundays or Holidays daytime and evenings
(07:00h - 24:00h)",75,,,
C988B,SURGICAL ASSISTANTS’ SERVICES,"Special visit premium to assist at non-elective surgery with
        
sacrifice of office hours - first patient seen",76.4,,,
C998B,SURGICAL ASSISTANTS’ SERVICES,"SPECIAL VISIT PREMIUMS;Sacrifice of Office Hours; Evenings (17:00h - 24:00h) Monday to Friday, first patient seen",67.05,,,
C998C,ANAESTHESIOLOGISTS’ SERVICES,"SPECIAL VISIT PREMIUMS;Evenings, Weekend/Holiday, Nights and Sacrifice of Office Hours;Evenings (17:00h - 24:00h) Monday to Friday; or for nonelective surgery with sacrifice of office hours -
Weekdays",60,,,
C999B,SURGICAL ASSISTANTS’ SERVICES,"SPECIAL VISIT PREMIUMS;Sacrifice of Office Hours; Nights (00:00h - 07:00h), first patient seen",117.65,,,
C999C,ANAESTHESIOLOGISTS’ SERVICES,"SPECIAL VISIT PREMIUMS;Evenings, Weekend/Holiday, Nights and Sacrifice of Office Hours
;Nights (00:00h - 07:00h)",100,,,
E080,ASSESSMENTS,First visit after hospital discharge premium,25.25,,,
E082,Admission Assessments,"Admission assessment by the Most Responsible Physician (MRP) Premium, to admission assessment",add 30%,,,
E083,Visit,"Subsequent visit and palliative care visit by the MRP premium; Subsequent visit by the MRP, to subsequent visits and C122, C123, C124, C142, C143, C882 or C982",add 30%,,,
E084,Visit,"Subsequent visit and palliative care visit by the MRP premium; Saturday, Sunday or Holiday subsequent visit by the MRP, to subsequent visits and C122, C123, C124, C142, C143, C882 or C982",add 45%,,,
E400B,SURGICAL ASSISTANTS’ SERVICES,"Evenings (17:00h – 24:00h) Monday to Friday or daytime and         
evenings on Saturdays, Sundays or Holidays - increase the 	
total assistant’s fee by",add 50%,,,
E400C,ANAESTHESIOLOGISTS’ SERVICES,"AFTER HOURS PREMIUMS;Evenings (17:00h – 24:00h) Monday to Friday or daytime and evenings on Saturdays, Sundays or Holidays - increase the total anaesthetic fee by",add 50%,,,
E401B,SURGICAL ASSISTANTS’ SERVICES,Nights (00:00h – 07:00h) - increase the total assistant's fee by,add 75%,,,
E401C,ANAESTHESIOLOGISTS’ SERVICES,AFTER HOURS PREMIUMS;Nights (00:00h – 07:00h) - increase the total anaesthetic fee by,add 75%,,,
K101,Detention-in-Ambulance,"Ground ambulance transfer with patient per quarter hour or
 part thereof",42.1,,,
K111,Detention-in-Ambulance,"Air ambulance transfer with patient per quarter hour or part
 thereof",126.4,,,
K112,Detention-in-Ambulance,"Return trip without patient to place of origin following air or
 ground ambulance transfer, per half hour or major part
 thereof",25.05,,,
K102,DETENTION FOR THE TRANSPORT OF DONOR ORGANS,"Per quarter hour or part thereof (not eligible for payment with
 K001)",20.2,,,
,,,,,,
,,,,,,
Z903,EXTERNAL EAR,"EXCISION,Exostosis,Pre-auricular  sinus",62.95,,,
Z904,EXTERNAL EAR,"EXCISION,Local excision, polyp,office",25.85,,,
Z905,EXTERNAL EAR,"EXCISION,Local excision, polyp,hospital",50.9,,,
Z906,EXTERNAL EAR,"ENDOSCOPY,,Removal of drainage tube(s),under general anaesthetic, unilateral",66.5,,,
Z907,MIDDLE EAR,"DEBRIDEMENT,unilateral",27.4,,,
Z908,MIDDLE EAR,"DEBRIDEMENT,under  general a naesthetic,  with  or  without  repair  of  small  
perforation  - when  sole  ear  procedure(s)  performed  - 
unilateral ",50.9,,,
Z909,EXTERNAL EAR,"INCISION,Biopsy, ear canal",25.85,,,
Z912,MIDDLE EAR,"INCISION,Myringotomy, to include aspiration when indicated -unilateral",42.15,,,
Z913,MIDDLE EAR,"REPAIR,Repair of small p erforation under local a naesthesia, with or without debridement, unilateral",39,,,
Z914,MIDDLE EAR,"INCISION,with insertion of ventilation tube using operating microscope - unilateral",78.6,,,
Z915,EXTERNAL EAR,"ENDOSCOPY,Removal of foreign body,simple",10.55,,,
Z916,MIDDLE EAR,"INCISION,Intratympanic injection, with or without myringotomy - unilateral",75.9,,,
Z917,LACRIMAL TRACT,"INCISION,Three “Snip” punctum procedure - per punctum - maximum
4 per patient",65.7,,,
Z918,LACRIMAL TRACT,"Probing and dilation of duct, initial or repeat,Re-insertion of Lester Jones tube",52.4,,,
Z940,PROCEDURES ON MUSCULOSKELETAL ELEMENTS,Vertebral needle biopsy,177.05,,,
Z941,PROCEDURES INVOLVING NEURAL ELEMENTS,"Percutaneous diagnostic stimulation of spinal cord, trigeminal
nerve root and / or ganglion",331.5,,,
Z942,PROCEDURES INVOLVING NEURAL ELEMENTS,Implantation or revision of stimulation pack or leads,306,,,
Z943,PROCEDURES INVOLVING NEURAL ELEMENTS,Programming infusion pump or dorsal column stimulator,142.2,,,
Z944,PROCEDURES INVOLVING NEURAL ELEMENTS,Lumbar sub-arachnoid drainage of CSF,89.75,,,
,,,,,,
A001,FAMILY PRACTICE & PRACTICE IN GENERAL (00),Minor assessment,23.75,,,
A002,FAMILY PRACTICE & PRACTICE IN GENERAL (00),Enhanced 18 month well baby visit,0,,,
A003,FAMILY PRACTICE & PRACTICE IN GENERAL (00),General assessment,87.35,,,
A004,FAMILY PRACTICE & PRACTICE IN GENERAL (00),General re-assessment,38.35,,,
A005,FAMILY PRACTICE & PRACTICE IN GENERAL (00),"GENERAL LISTINGS,Consultation",87.9,,,
A006,FAMILY PRACTICE & PRACTICE IN GENERAL (00),"Special palliative care consultation,Repeat consultation",45.9,,,
A007,FAMILY PRACTICE & PRACTICE IN GENERAL (00),,37.95,,,
A008,FAMILY PRACTICE & PRACTICE IN GENERAL (00),"Mini assessment,Mini assessment",13.05,,,
A010,VIRTUAL CARE SERVICES,"GENERAL LISTINGS,Focused practice consultation by Video,GP focused practice consultation by Video",87.9,,,
A011,VIRTUAL CARE SERVICES,"Focused practice repeat consultation by Video,GP focused practice repeat consultation by Video",45.9,,,
A013,,,64.65,,,
A014,,,31.45,,,
A015,,,109.7,,,
A016,,,52.15,,,
A020,,,60,,,
A021,,,164.9,,,
A023,,,43,,,
A024,,,21.9,,,
A025,,,72.15,,,
A026,,,44.45,,,
A027,,,147.3,,,
A033,,,47.3,,,
A034,,,28.6,,,
A035,,,96.2,,,
A036,,,64.1,,,
A043,,,58.25,,,
A044,,,30,,,
A045,,,130.75,,,
A046,,,58.25,,,
A050,,,144.75,,,
A051,,,70.9,,,
A053,,,79.85,,,
A054,,,61.25,,,
A055,,,125.6,,,
A056,,,84.2,,,
A058,,,38.05,,,
A063,,,42.55,,,
A064,,,24.25,,,
A065,,,83.85,,,
A066,,,51.7,,,
A070,,,232.1,,,
A071,,,91.9,,,
A073,,,90.45,,,
A074,,,72.9,,,
A075,,,202.55,,,
A076,,,105.25,,,
A078,,,45.3,,,
A083,,,46.8,,,
A084,,,29.9,,,
A085,,,91.35,,,
A086,,,54,,,
A093,,,46.4,,,
A094,,,25.3,,,
A095,,,94.3,,,
A096,,,62.65,,,
A100,,,76.9,,,
A101,,,20,,,
A102,,,15,,,
A110,,,48.9,,,
A111,,,76.3,,,
A112,,,48.9,,,
A113,,,93.95,,,
A114,,,65.9,,,
A115,,,51.1,,,
A116,,,108.95,,,
A118,,,39.6,,,
A120,,,18.85,,,
A130,,,310.45,,,
A131,,,70.9,,,
A133,,,81.55,,,
A134,,,61.25,,,
A135,,,164.9,,,
A136,,,105.25,,,
A138,,,38.05,,,
A150,,,310.45,,,
A151,,,74.8,,,
A153,,,84.6,,,
A154,,,62.85,,,
A155,,,165.3,,,
A156,,,105.25,,,
A158,,,39.1,,,
A160,,,310.45,,,
A161,,,71.85,,,
A163,,,80.95,,,
A164,,,62.1,,,
A165,,,162.9,,,
A166,,,105.25,,,
A168,,,38.55,,,
A173,,,44.4,,,
A174,,,24.1,,,
A175,,,107.45,,,
A176,,,60,,,
A180,,,310.45,,,
A181,,,75.2,,,
A183,,,82.4,,,
A184,,,64.95,,,
A185,,,184.4,,,
A186,,,87.7,,,
A188,,,39.4,,,
A190,,,310.45,,,
A191,,,237.45,,,
A192,,,237.45,,,
A193,,,86.35,,,
A194,,,41.15,,,
A195,,,222.5,,,
A196,,,105.25,,,
A197,,,237.45,,,
A198,,,237.45,,,
A203,,,52.15,,,
A204,,,33.7,,,
A205,,,111.7,,,
A206,,,59.45,,,
A210,,,163.2,,,
A215,,,69.75,,,
A220,,,310.45,,,
A221,,,38.05,,,
A223,,,401.3,,,
A225,,,167.9,,,
A226,,,105.25,,,
A230,,,25,,,
A231,,,148.5,,,
A233,,,57.7,,,
A234,,,30.5,,,
A235,,,82.4,,,
A236,,,45.85,,,
A237,,,56.6,,,
A239,,,56.6,,,
A243,,,43.2,,,
A244,,,27,,,
A245,,,83.95,,,
A246,,,48.6,,,
A250,,,120,,,
A251,,,120,,,
A252,,,240,,,
A253,,,82.4,,,
A254,,,120,,,
A255,,,105.25,,,
A256,,,163.2,,,
A260,,,310.45,,,
A261,,,21.5,,,
A262,,,43.45,,,
A263,,,82.9,,,
A264,,,61.25,,,
A265,,,181.45,,,
A266,,,91.35,,,
A268,,,64.3,,,
A275,,,105.25,,,
A283,,,82.5,,,
A284,,,38.85,,,
A285,,,163,,,
A286,,,108.95,,,
A310,,,67.8,,,
A311,,,73.95,,,
A313,,,77.2,,,
A315,,,197.3,,,
A316,,,95.25,,,
A318,,,39.7,,,
A325,,,105.25,,,
A330,,,89.5,,,
A331,,,17.75,,,
A332,,,199.7,,,
A335,,,50,,,
A338,,,17.75,,,
A340,,,61.7,,,
A341,,,71.4,,,
A343,,,80.4,,,
A345,,,158.05,,,
A346,,,102.9,,,
A348,,,37.55,,,
A353,,,46.8,,,
A354,,,27.8,,,
A355,,,84.7,,,
A356,,,59,,,
A365,,,223.2,,,
A375,,,105.25,,,
A384,,,200,,,
A385,,,87.7,,,
A395,,,105.25,,,
A400,,,240.55,,,
A405,,,84.2,,,
A411,,,70.9,,,
A413,,,80.35,,,
A414,,,61.25,,,
A415,,,157,,,
A416,,,105.25,,,
A418,,,38.05,,,
A425,,,310.45,,,
A435,,,105.25,,,
A441,,,70.9,,,
A443,,,79.85,,,
A444,,,61.25,,,
A445,,,166.5,,,
A446,,,105.25,,,
A448,,,38.05,,,
A460,,,310.45,,,
A461,,,83.85,,,
A463,,,94.4,,,
A464,,,72.45,,,
A465,,,181.65,,,
A466,,,109.4,,,
A468,,,45,,,
A470,,,310.45,,,
A471,,,76.3,,,
A473,,,87.6,,,
A474,,,65.9,,,
A475,,,175.55,,,
A476,,,108.95,,,
A478,,,39.6,,,
A480,,,93.75,,,
A481,,,73.8,,,
A483,,,83.1,,,
A484,,,63.7,,,
A485,,,177.8,,,
A486,,,109.9,,,
A488,,,39.25,,,
A510,,,93.7,,,
A511,,,102.55,,,
A515,,,95.25,,,
A525,,,105.25,,,
A545,,,105.25,,,
A565,,,91.35,,,
A570,,,93,,,
A575,,,108.95,,,
A585,,,73.3,,,
A586,,,71.2,,,
A590,,,310.45,,,
A595,,,109.35,,,
A600,,,310.45,,,
A601,,,70.9,,,
A603,,,81.55,,,
A604,,,61.25,,,
A605,,,161.65,,,
A606,,,105.25,,,
A608,,,38.05,,,
A611,,,76.2,,,
A613,,,85.8,,,
A614,,,65.85,,,
A615,,,172,,,
A616,,,105.25,,,
A618,,,38.05,,,
A621,,,71.8,,,
A623,,,80.9,,,
A624,,,62.05,,,
A625,,,159,,,
A626,,,105.25,,,
A628,,,38.55,,,
A631,,,17.75,,,
A632,,,17.75,,,
A633,,,60,,,
A635,,,157,,,
A636,,,70,,,
A638,,,40,,,
A643,,,44.4,,,
A644,,,24.1,,,
A645,,,98.55,,,
A646,,,60,,,
A655,,,105.25,,,
A661,,,74.75,,,
A662,,,401.3,,,
A665,,,100.55,,,
A667,,,401.3,,,
A675,,,105.25,,,
A680,,,144.75,,,
A682,,,401.3,,,
A695,,,414.35,,,
A710,,,310.45,,,
A713,,,87.6,,,
A715,,,175.55,,,
A735,,,67.4,,,
A745,,,102.9,,,
A760,,,90.75,,,
A765,,,165.5,,,
A770,,,401.3,,,
A771,,,20.6,,,
A772,,,20.6,,,
A775,,,310.45,,,
A777,,,37.95,,,
A795,,,310.45,,,
A800,,,167.35,,,
A801,,,300.7,,,
A802,,,401.3,,,
A813,,,111.7,,,
A814,,,111.7,,,
A815,,,186.95,,,
A816,,,106.8,,,
A817,,,186.95,,,
A818,,,106.8,,,
A835,,,310.45,,,
A845,,,105.25,,,
A865,,,105.25,,,
A888,,,37.95,,,
A895,,,259.9,,,
A900,,,54.5,,,
A902,,,54.5,,,
A905,,,73.25,,,
A906,,,73.25,,,
A911,,,150.7,,,
A912,,,226.05,,,
A913,,,150.7,,,
A914,,,226.05,,,
A915,,,108.95,,,
A917,,,37.95,,,
A920,,,161.15,,,
A921,,,36.85,,,
A922,,,207.8,,,
A927,,,37.95,,,
A930,,,150,,,
A933,,,79.9,,,
A935,,,163.2,,,
A937,,,37.95,,,
A945,,,159.2,,,
A947,,,37.95,,,
A957,,,37.95,,,
A960,,,36.4,,,
A962,,,36.4,,,
A963,,,36.4,,,
A964,,,36.4,,,
A967,,,37.95,,,
A990,,,20,,,
A994,,,60,,,
A996,,,100,,,
A998,,,75,,,
B960,,,36.4,,,
B961,,,36.4,,,
B962,,,36.4,,,
B963,,,36.4,,,
B964,,,36.4,,,
B966,,,36.4,,,
B986,,,36.4,,,
B987,,,110,,,
B988,,,82.5,,,
B990,,,27.5,,,
B992,,,44,,,
B993,,,82.5,,,
B994,,,66,,,
B996,,,110,,,
B997,,,110,,,
B998,,,82.5,,,
C002,,,34.1,,,
C003,,,87.35,,,
C004,,,38.35,,,
C005,,,87.9,,,
C006,,,45.9,,,
C007,,,34.1,,,
C008,,,34.1,,,
C009,,,34.1,,,
C010,,,34.1,,,
C012,,,31,,,
C013,,,64.65,,,
C014,,,28,,,
C015,,,109.7,,,
C016,,,52.15,,,
C017,,,31,,,
C018,,,31,,,
C019,,,31,,,
C020,,,60,,,
C022,,,34.1,,,
C023,,,43,,,
C024,,,25.4,,,
C025,,,147.3,,,
C026,,,44.45,,,
C027,,,34.1,,,
C028,,,34.1,,,
C029,,,34.1,,,
C032,,,34.1,,,
C033,,,47.3,,,
C034,,,30.8,,,
C035,,,96.2,,,
C036,,,64.1,,,
C037,,,34.1,,,
C038,,,34.1,,,
C039,,,34.1,,,
C042,,,31,,,
C043,,,58.25,,,
C044,,,30,,,
C045,,,130.75,,,
C046,,,58.25,,,
C047,,,31,,,
C048,,,31,,,
C049,,,31,,,
C050,,,144.75,,,
C051,,,70.9,,,
C052,,,34.1,,,
C053,,,79.85,,,
C054,,,61.25,,,
C055,,,125.6,,,
C056,,,84.2,,,
C057,,,34.1,,,
C058,,,34.1,,,
C059,,,34.1,,,
C062,,,31,,,
C063,,,42.55,,,
C064,,,25.5,,,
C065,,,83.85,,,
C066,,,51.7,,,
C067,,,31,,,
C068,,,31,,,
C069,,,31,,,
C071,,,91.9,,,
C072,,,34.1,,,
C073,,,90.45,,,
C074,,,72.9,,,
C075,,,232.1,,,
C076,,,105.25,,,
C077,,,34.1,,,
C078,,,34.1,,,
C079,,,34.1,,,
C082,,,31,,,
C083,,,46.8,,,
C084,,,30,,,
C085,,,91.35,,,
C086,,,54,,,
C087,,,31,,,
C088,,,31,,,
C089,,,31,,,
C092,,,31,,,
C093,,,46.4,,,
C094,,,27.25,,,
C095,,,94.3,,,
C096,,,62.65,,,
C097,,,31,,,
C098,,,31,,,
C099,,,31,,,
C101,,,9.1,,,
C102,,,36.4,,,
C103,,,36.4,,,
C104,,,36.4,,,
C105,,,60,,,
C106,,,75,,,
C107,,,100,,,
C108,,,75,,,
C109,,,60,,,
C110,,,100,,,
C111,,,76.3,,,
C112,,,34.1,,,
C113,,,93.95,,,
C114,,,65.9,,,
C116,,,108.95,,,
C117,,,34.1,,,
C118,,,34.1,,,
C119,,,34.1,,,
C121,,,34.1,,,
C122,,,61.15,,,
C123,,,61.15,,,
C124,,,61.15,,,
C130,,,310.45,,,
C131,,,70.9,,,
C132,,,34.1,,,
C133,,,81.55,,,
C134,,,61.25,,,
C135,,,164.9,,,
C136,,,105.25,,,
C137,,,34.1,,,
C138,,,34.1,,,
C139,,,34.1,,,
C142,,,61.15,,,
C143,,,61.15,,,
C150,,,310.45,,,
C151,,,74.8,,,
C152,,,34.1,,,
C153,,,84.6,,,
C154,,,62.85,,,
C155,,,165.3,,,
C156,,,105.25,,,
C157,,,34.1,,,
C158,,,34.1,,,
C159,,,34.1,,,
C160,,,310.45,,,
C161,,,71.85,,,
C162,,,34.1,,,
C163,,,80.95,,,
C164,,,62.1,,,
C165,,,162.9,,,
C166,,,105.25,,,
C167,,,34.1,,,
C168,,,34.1,,,
C169,,,34.1,,,
C172,,,31,,,
C173,,,44.4,,,
C174,,,25.95,,,
C175,,,107.45,,,
C176,,,60,,,
C177,,,31,,,
C178,,,31,,,
C179,,,31,,,
C180,,,310.45,,,
C181,,,75.2,,,
C182,,,34.1,,,
C183,,,82.4,,,
C184,,,64.95,,,
C185,,,184.4,,,
C186,,,87.7,,,
C187,,,34.1,,,
C188,,,34.1,,,
C189,,,34.1,,,
C190,,,310.45,,,
C192,,,34.1,,,
C193,,,86.35,,,
C194,,,66.25,,,
C196,,,105.25,,,
C197,,,34.1,,,
C198,,,34.1,,,
C199,,,34.1,,,
C202,,,31,,,
C203,,,52.15,,,
C204,,,36.85,,,
C205,,,111.7,,,
C206,,,59.45,,,
C207,,,31,,,
C208,,,31,,,
C209,,,31,,,
C210,,,163.2,,,
C215,,,69.75,,,
C220,,,310.45,,,
C222,,,34.1,,,
C223,,,401.3,,,
C225,,,167.9,,,
C226,,,105.25,,,
C227,,,34.1,,,
C229,,,34.1,,,
C231,,,148.5,,,
C232,,,31,,,
C233,,,57.7,,,
C234,,,29.35,,,
C235,,,82.4,,,
C236,,,45.85,,,
C237,,,31,,,
C238,,,31,,,
C239,,,31,,,
C242,,,31,,,
C243,,,43.2,,,
C244,,,27.5,,,
C245,,,83.95,,,
C246,,,48.6,,,
C247,,,31,,,
C248,,,31,,,
C249,,,31,,,
C250,,,120,,,
C255,,,105.25,,,
C260,,,310.45,,,
C262,,,34.1,,,
C263,,,82.9,,,
C264,,,61.25,,,
C265,,,181.45,,,
C266,,,91.35,,,
C268,,,34.1,,,
C275,,,105.25,,,
C283,,,82.5,,,
C285,,,163,,,
C286,,,108.95,,,
C288,,,30.1,,,
C311,,,73.95,,,
C312,,,34.1,,,
C313,,,77.2,,,
C314,,,67.8,,,
C315,,,208.75,,,
C316,,,95.25,,,
C317,,,34.1,,,
C318,,,34.1,,,
C319,,,34.1,,,
C325,,,105.25,,,
C330,,,89.5,,,
C332,,,199.7,,,
C335,,,50,,,
C341,,,71.4,,,
C342,,,34.1,,,
C343,,,80.4,,,
C344,,,61.7,,,
C345,,,158.05,,,
C346,,,102.9,,,
C347,,,34.1,,,
C348,,,34.1,,,
C349,,,34.1,,,
C352,,,31.6,,,
C353,,,46.8,,,
C354,,,26.7,,,
C355,,,84.7,,,
C356,,,59,,,
C357,,,31.6,,,
C358,,,31.6,,,
C359,,,31.6,,,
C365,,,223.2,,,
C375,,,105.25,,,
C384,,,200,,,
C385,,,87.7,,,
C395,,,105.25,,,
C400,,,240.55,,,
C405,,,84.2,,,
C411,,,70.9,,,
C412,,,34.1,,,
C413,,,80.35,,,
C414,,,61.25,,,
C415,,,157,,,
C416,,,105.25,,,
C417,,,34.1,,,
C418,,,34.1,,,
C419,,,34.1,,,
C425,,,310.45,,,
C435,,,105.25,,,
C441,,,70.9,,,
C442,,,34.1,,,
C443,,,79.85,,,
C444,,,61.25,,,
C445,,,166.5,,,
C446,,,105.25,,,
C447,,,34.1,,,
C448,,,34.1,,,
C449,,,34.1,,,
C460,,,310.45,,,
C461,,,83.85,,,
C462,,,34.1,,,
C463,,,94.4,,,
C464,,,72.45,,,
C465,,,181.65,,,
C466,,,109.4,,,
C467,,,34.1,,,
C468,,,34.1,,,
C469,,,34.1,,,
C470,,,310.45,,,
C471,,,73.75,,,
C472,,,34.1,,,
C473,,,84.65,,,
C474,,,63.7,,,
C475,,,169.65,,,
C476,,,105.25,,,
C477,,,34.1,,,
C478,,,34.1,,,
C479,,,34.1,,,
C480,,,92.2,,,
C481,,,72.65,,,
C482,,,34.1,,,
C483,,,81.7,,,
C484,,,62.6,,,
C485,,,170.1,,,
C486,,,109.35,,,
C487,,,34.1,,,
C488,,,34.1,,,
C489,,,34.1,,,
C510,,,93.7,,,
C511,,,102.55,,,
C515,,,95.25,,,
C525,,,105.25,,,
C545,,,105.25,,,
C565,,,91.35,,,
C570,,,89.85,,,
C575,,,105.25,,,
C585,,,73.3,,,
C586,,,71.2,,,
C590,,,310.45,,,
C595,,,109.35,,,
C600,,,310.45,,,
C601,,,70.9,,,
C602,,,34.1,,,
C603,,,81.55,,,
C604,,,61.25,,,
C605,,,161.65,,,
C606,,,105.25,,,
C607,,,34.1,,,
C608,,,34.1,,,
C609,,,34.1,,,
C611,,,76.2,,,
C612,,,34.1,,,
C613,,,85.8,,,
C614,,,65.85,,,
C615,,,172,,,
C616,,,105.25,,,
C617,,,34.1,,,
C618,,,34.1,,,
C619,,,34.1,,,
C621,,,71.8,,,
C622,,,34.1,,,
C623,,,80.9,,,
C624,,,62.05,,,
C625,,,159,,,
C626,,,105.25,,,
C627,,,34.1,,,
C628,,,34.1,,,
C629,,,34.1,,,
C635,,,157,,,
C636,,,70,,,
C642,,,31,,,
C643,,,44.4,,,
C644,,,25.95,,,
C645,,,98.55,,,
C646,,,60,,,
C647,,,31,,,
C648,,,31,,,
C649,,,31,,,
C655,,,105.25,,,
C661,,,74.75,,,
C662,,,401.3,,,
C665,,,100.55,,,
C667,,,401.3,,,
C675,,,105.25,,,
C680,,,144.75,,,
C682,,,401.3,,,
C695,,,414.35,,,
C710,,,310.45,,,
C713,,,87.6,,,
C715,,,175.55,,,
C735,,,67.4,,,
C745,,,102.9,,,
C760,,,90.75,,,
C765,,,165.5,,,
C770,,,401.3,,,
C771,,,20.6,,,
C772,,,20.6,,,
C775,,,310.45,,,
C777,,,37.95,,,
C795,,,310.45,,,
C800,,,167.35,,,
C801,,,300.7,,,
C802,,,401.3,,,
C813,,,111.7,,,
C815,,,186.95,,,
C816,,,106.8,,,
C835,,,310.45,,,
C845,,,105.25,,,
C865,,,105.25,,,
C882,,,34.1,,,
C895,,,259.9,,,
C903,,,65.05,,,
C904,,,33.7,,,
C905,,,74.25,,,
C911,,,150.7,,,
C912,,,226.05,,,
C915,,,108.95,,,
C930,,,150,,,
C933,,,79.9,,,
C935,,,163.2,,,
C945,,,159.2,,,
C960,,,36.4,,,
C961,,,36.4,,,
C962,,,36.4,,,
C963,,,36.4,,,
C964,,,36.4,,,
C982,,,34.1,,,
C983B,,,85.6,,,
C985C,,,75,,,
C986,,,75,,,
C987,,,75,,,
C988B,,,76.4,,,
C989,,,76.4,,,
C990,,,20,,,
C991,,,20,,,
C992,,,40,,,
C993,,,40,,,
C994,,,60,,,
C995,,,60,,,
C996,,,100,,,
C997,,,100,,,
C998B,,,67.05,,,
C998C,,,60,,,
C999B,,,117.65,,,
C999C,,,100,,,
D001,,,57.5,,,
D003,,,196.5,,,
D004,,,57.5,,,
D006,,,181.85,,,
D007,,,128.05,,,
D008,,,241.3,,,
D009,,,84.45,,,
D010,,,252.45,,,
D011,,,193,,,
D012,,,39,,,
D014,,,67.8,,,
D015,,,49.2,,,
D016,,,111.4,,,
D017,,,323.85,,,
D023,,,231.1,,,
D025,,,134.55,,,
D026,,,147.6,,,
D027,,,57.5,,,
D028,,,388.2,,,
D029,,,151.25,,,
D030,,,57.5,,,
D031,,,97.35,,,
D032,,,163.35,,,
D033,,,147.6,,,
D034,,,298.55,,,
D035,,,111.35,,,
D036,,,252.45,,,
D038,,,207.9,,,
D039,,,309,,,
D040,,,62.2,,,
D041,,,290.55,,,
D042,,,268.25,,,
D043,,,406.45,,,
D046,,,967.9,,,
D047,,,1451.45,,,
D052,,,612.45,,,
D059,,,428.5,,,
D060,,,593,,,
D061,,,193,,,
D062,,,51.65,,,
D063,,,256.4,,,
E001C,,,0,,,
E002C,,,0,,,
E003,,,0,,,
E005B,,,0,,,
E005C,,,0,,,
E006A,,,0,,,
E006B,,,0,,,
E006C,,,0,,,
E007C,,,0,,,
E009C,,,0,,,
E010C,,,0,,,
E011C,,,0,,,
E012C,,,0,,,
E013C,,,0,,,
E014C,,,0,,,
E016C,,,0,,,
E017C,,,0,,,
E018C,,,0,,,
E019C,,,0,,,
E020C,,,0,,,
E021C,,,0,,,
E022C,,,0,,,
E023C,,,0,,,
E024C,,,0,,,
E025C,,,0,,,
E030C,,,0,,,
E031C,,,0,,,
E032C,,,0,,,
E041,,,81.55,,,
E048,,,108.75,,,
E049,,,87.2,,,
E050,,,77.05,,,
E051,,,245.9,,,
E052,,,259.85,,,
E053,,,94.6,,,
E054,,,236.1,,,
E055,,,94.6,,,
E056,,,91.9,,,
E057,,,0,,,
E058,,,0,,,
E059,,,0,,,
E060,,,0,,,
E069,,,134.75,,,
E077,,,10.25,,,
E078,,,0,,,
E079,,,15.55,,,
E080,,,25.25,,,
E082,,,0,,,
E083,,,0,,,
E084,,,0,,,
E088,,,0,,,
E090,,,260.8,,,
E098,,,0,,,
E100C,,,0,,,
E101B,,,0,,,
E102,,,542,,,
E103,,,542,,,
E104,,,542,,,
E105,,,424.35,,,
E106,,,640,,,
E107,,,496,,,
E108,,,131.25,,,
E109,,,677.5,,,
E117,,,308.3,,,
E118,,,308.3,,,
E119,,,542,,,
E121,,,740,,,
E122,,,590,,,
E123,,,161.75,,,
E124,,,740,,,
E125,,,750,,,
E126,,,1245,,,
E127,,,166.45,,,
E128,,,496,,,
E130,,,308.3,,,
E131,,,161.75,,,
E132,,,550,,,
E133,,,182.75,,,
E134,,,205.55,,,
E135,,,505.45,,,
E136,,,290,,,
E137,,,161.75,,,
E138,,,450,,,
E139,,,161.75,,,
E140,,,397.75,,,
E141,,,505.45,,,
E142,,,830,,,
E143,,,450,,,
E144,,,450,,,
E145,,,350,,,
E146,,,400,,,
E148,,,720,,,
E149,,,90,,,
E150,,,44,,,
E151,,,282.65,,,
E152,,,700,,,
E153,,,840,,,
E154,,,182.75,,,
E155,,,205,,,
E156,,,350,,,
E157,,,550,,,
E160,,,190.3,,,
E161,,,250,,,
E163,,,514.8,,,
E164,,,350,,,
E165,,,590,,,
E166,,,450,,,
E167,,,640,,,
E168,,,308.3,,,
E169,,,542,,,
E170,,,575.85,,,
E171,,,1005,,,
E172,,,200,,,
E173,,,594.7,,,
E174,,,667,,,
E175,,,20,,,
E176,,,325,,,
E177,,,321.6,,,
E178,,,222.65,,,
E179,,,296.9,,,
E180,,,411.2,,,
E181,,,640,,,
E182,,,600,,,
E183,,,600,,,
E184,,,543.65,,,
E185,,,525.15,,,
E186,,,90,,,
E187,,,90,,,
E190,,,150,,,
E191,,,161.75,,,
E192,,,313.15,,,
E193,,,393,,,
E194,,,289,,,
E195,,,241.7,,,
E196,,,290,,,
E197,,,310,,,
E198,,,300,,,
E199,,,225,,,
E200,,,82.8,,,
E201,,,205.55,,,
E202,,,200,,,
E205,,,355,,,
E206,,,175,,,
E207,,,453,,,
E208,,,225,,,
E210,,,100,,,
E211,,,288.35,,,
E212,,,210,,,
E213,,,262.5,,,
E214,,,729,,,
E215,,,496,,,
E216,,,350,,,
E217,,,411.2,,,
E218,,,542,,,
E219,,,250,,,
E221,,,329.3,,,
E222,,,290,,,
E223,,,484.35,,,
E224,,,108.45,,,
E225,,,484.35,,,
E226,,,108.45,,,
E227,,,514.8,,,
E228,,,535.8,,,
E229,,,535.8,,,
E230,,,257.9,,,
E231,,,267.35,,,
E232,,,412.05,,,
E233,,,153.25,,,
E234,,,51.45,,,
E235,,,107.5,,,
E236,,,255,,,
E300,,,248.05,,,
E301,,,355.35,,,
E302,,,202.35,,,
E303,,,202.35,,,
E304,,,619.35,,,
E305,,,155.3,,,
E306,,,291.5,,,
E307,,,219.6,,,
E308,,,345.15,,,
E309,,,208.05,,,
E310,,,247.35,,,
E311,,,243.35,,,
E312,,,355.4,,,
E313,,,362.55,,,
E314,,,297.25,,,
E315,,,674,,,
E316,,,395.05,,,
E317,,,139.95,,,
E318,,,92.4,,,
E319,,,345.3,,,
E320,,,345.15,,,
E321,,,612.7,,,
E322,,,627.1,,,
E323,,,209.05,,,
E325,,,642.45,,,
E326,,,987.65,,,
E327,,,252.15,,,
E328,,,288.5,,,
E329,,,370.1,,,
E331,,,673.65,,,
E332,,,548.45,,,
E333,,,406.55,,,
E335,,,637.15,,,
E336,,,345.15,,,
E337,,,468.85,,,
E339,,,661.55,,,
E341,,,737.3,,,
E345,,,1379.1,,,
E346,,,345.15,,,
E360,,,306,,,
E361,,,255,,,
E362,,,153,,,
E363,,,357,,,
E364,,,102,,,
E365,,,765,,,
E366,,,153,,,
E367,,,255,,,
E368,,,306,,,
E369,,,255,,,
E370,,,867,,,
E371,,,816,,,
E372,,,510,,,
E373,,,0,,,
E374,,,357,,,
E375,,,0,,,
E376,,,255,,,
E377,,,255,,,
E378,,,510,,,
E379,,,510,,,
E380,,,357,,,
E382,,,244.8,,,
E383,,,255,,,
E384,,,1020,,,
E385,,,71.4,,,
E386,,,0,,,
E387,,,153,,,
E388,,,204,,,
E389,,,102,,,
E390,,,255,,,
E391,,,252.95,,,
E392,,,510,,,
E393,,,510,,,
E394,,,765,,,
E395,,,306,,,
E396,,,71.4,,,
E400B,,,0,,,
E400C,,,0,,,
E401B,,,0,,,
E401C,,,0,,,
E402,,,0,,,
E403,,,0,,,
E406,,,60,,,
E407,,,75,,,
E408,,,100,,,
E409,,,0,,,
E410,,,0,,,
E411,,,0,,,
E412,,,0,,,
E413,,,0,,,
E414,,,62.05,,,
E420,,,0,,,
E423,,,25,,,
E424,,,50,,,
E430,,,11.95,,,
E431,,,11.95,,,
E440,,,30,,,
E441,,,16.6,,,
E442,,,20,,,
E443,,,80,,,
E444,,,0,,,
E445,,,0,,,
E446,,,30,,,
E450,,,0,13.3,8.05,
E451,,,0,18.1,25.05,
E475,,,0,0,25,
E476,,,192,,,
E477,,,192,,,
E478,,,251.55,,,
E479,,,192,,,
E480,,,350.65,,,
E481,,,500,,,
E482,,,251.55,,,
E483,,,326.55,,,
E484,,,336.65,,,
E485,,,240.5,,,
E487,,,240,,,
E488,,,350,,,
E489,,,250,,,
E490,,,500,,,
E491,,,161.45,,,
E492,,,231.3,,,
E493,,,251.55,,,
E494,,,299,,,
E495,,,240.45,,,
E496,,,336.65,,,
E497,,,526.4,,,
E498,,,299,,,
E499,,,397.75,,,
E500,,,148.6,,,
E501,,,304.3,,,
E502,,,51,,,
E503,,,26.85,,,
E504,,,22.2,,,
E505,,,178.05,,,
E508,,,85,,,
E509,,,805.65,,,
E510,,,838.15,,,
E511,,,100,,,
E512,,,100,,,
E513,,,297.5,,,
E514,,,200,,,
E515,,,0,,,
E518,,,77.5,,,
E519,,,77.5,,,
E520,,,77.5,,,
E521,,,200,,,
E523,,,321,,,
E524,,,273.45,,,
E525,,,48.05,,,
E527,,,58.95,,,
E528,,,258.5,,,
E529,,,102.45,,,
E530,,,50.4,,,
E531,,,0,,,
E532,,,0,,,
E537,,,165.2,,,
E538,,,38,,,
E539,,,117.85,,,
E540,,,0,,,
E541,,,11.55,,,
E542,,,11.55,,,
E543,,,30.6,,,
E544,,,0,,,
E545,,,11.55,,,
E546,,,388.75,,,
E547,,,59.4,,,
E550,,,63.15,,,
E551,,,86.3,,,
E552,,,58.45,,,
E553,,,25.15,,,
E554,,,175,,,
E555,,,0,,,
E556,,,0,,,
E557,,,154,,,
E558,,,22.25,,,
E559,,,142.9,,,
E560,,,12.05,,,
E561,,,14.9,,,
E564,,,0,,,
E569,,,0,,,
E571,,,148.75,,,
E575,,,41.7,,,
E576,,,10.25,,,
E577,,,10.25,,,
E578,,,10.25,,,
E579,,,10.25,,,
E580,,,70.95,,,
E581,,,128.95,,,
E582,,,32.2,,,
E583,,,94.6,,,
E584,,,11.15,,,
E585,,,47.3,,,
E586,,,0,,,
E587,,,41.7,,,
E588,,,256.4,,,
E589,,,101.25,,,
E590,,,76.1,,,
E591,,,158.65,,,
E592,,,133.05,,,
E593,,,194,,,
E594,,,41.7,,,
E596,,,41.7,,,
E597,,,87.05,,,
E598,,,94.6,,,
E599,,,87.2,,,
E600,,,33.6,,,
E601,,,57.5,,,
E602,,,177.95,,,
E603,,,50.9,,,
E604,,,55.6,,,
E605,,,55.6,,,
E607,,,152.3,,,
E608,,,84.15,,,
E609,,,121.7,,,
E610,,,263.8,,,
E611,,,145,,,
E612,,,338.35,,,
E613,,,500,,,
E614,,,162.45,,,
E615,,,250,,,
E616,,,142.1,,,
E617,,,78.8,,,
E618,,,121.85,,,
E619,,,162.45,,,
E620,,,78.8,,,
E621,,,45.85,,,
E622,,,79.4,,,
E623,,,415.15,,,
E624,,,111.2,,,
E625,,,142.2,,,
E626,,,174.35,,,
E627,,,400,,,
E628,,,194.5,,,
E629,,,137.05,,,
E630,,,137.05,,,
E631,,,314.2,,,
E632,,,68.4,,,
E633,,,44.55,,,
E634,,,52,,,
E635,,,67.2,,,
E636,,,50,,,
E637,,,76.45,,,
E638,,,81.9,,,
E639,,,78.5,,,
E640,,,179.55,,,
E641,,,137.05,,,
E642,,,119.2,,,
E643,,,121.65,,,
E644,,,400,,,
E645,,,371,,,
E646,,,187.8,,,
E647,,,264.7,,,
E648,,,135.8,,,
E649,,,112.45,,,
E650,,,371,,,
E651,,,202.05,,,
E652,,,187.85,,,
E653,,,127.15,,,
E654,,,188.85,,,
E655,,,348.7,,,
E656,,,288.85,,,
E657,,,446.5,,,
E658,,,278.1,,,
E659,,,169,,,
E660,,,185.15,,,
E661,,,185.15,,,
E662,,,49.75,,,
E663,,,183,,,
E664,,,127.05,,,
E665,,,419,,,
E666,,,52.3,,,
E667,,,266.6,,,
E668,,,93.8,,,
E669,,,102.75,,,
E670,,,224.7,,,
E671,,,543.6,,,
E672,,,133.4,,,
E673,,,62.05,,,
E674,,,142.4,,,
E675,,,73.5,,,
E676A,,,0,,,
E676B,,,0,,,
E677,,,104,,,
E678,,,104,,,
E679,,,124.1,,,
E680,,,82.35,,,
E681,,,43.6,,,
E682,,,423.85,,,
E683,,,0,,,
E684,,,214.1,,,
E685,,,227.65,,,
E686,,,144.1,,,
E687,,,69.8,,,
E688,,,69.8,,,
E690,,,43.85,,,
E691,,,178.4,,,
E692,,,69.7,,,
E693,,,0,,,
E694,,,0,,,
E695,,,0,,,
E696,,,30.65,,,
E697,,,142.4,,,
E698,,,69.7,,,
E700,,,13.4,,,
E702,,,15.1,,,
E703,,,50.5,,,
E704,,,46.5,,,
E705,,,30.3,,,
E706,,,122.05,,,
E707,,,70.8,,,
E708,,,122.05,,,
E709,,,122.05,,,
E710,,,45.55,,,
E711,,,106.55,,,
E712,,,111.1,,,
E713,,,137.55,,,
E714,,,82.35,,,
E715,,,74.9,,,
E716,,,147.3,,,
E717,,,27.05,,,
E718,,,142.4,,,
E720,,,77.5,,,
E721,,,122.05,,,
E722,,,162.7,,,
E723,,,284.8,,,
E724,,,23.25,,,
E725,,,130,,,
E726,,,226,,,
E727,,,65.9,,,
E728,,,167.65,,,
E729,,,284.75,,,
E730,,,740.95,,,
E731,,,247.05,,,
E732,,,29.1,,,
E733,,,142.4,,,
E734,,,211.15,,,
E735,,,284.75,,,
E736,,,187.9,,,
E737,,,82.35,,,
E738,,,387.4,,,
E739,,,122.05,,,
E740,,,51.75,,,
E741,,,31.15,,,
E742,,,217.35,,,
E743,,,153.05,,,
E744,,,115.8,,,
E745,,,94.85,,,
E746,,,5.85,,,
E747,,,31.15,,,
E748,,,122.05,,,
E749,,,22.35,,,
E750,,,26.05,,,
E751,,,54.7,,,
E752,,,83.25,,,
E753,,,241.2,,,
E754,,,57.5,,,
E755,,,69.3,,,
E756,,,24.5,,,
E757,,,55.25,,,
E758,,,217.35,,,
E759,,,95.95,,,
E760,,,167.85,,,
E761,,,95.95,,,
E762,,,301.05,,,
E764,,,24.2,,,
E765,,,300.45,,,
E766,,,29.7,,,
E767,,,138.15,,,
E768,,,236.7,,,
E769,,,260.05,,,
E770,,,23.1,,,
E771,,,343.4,,,
E772,,,175.5,,,
E773,,,49.9,,,
E775,,,15.35,,,
E776,,,24.9,,,
E777,,,11.5,,,
E780,,,32.6,,,
E781,,,49.9,,,
E782,,,49.9,,,
E783,,,99.65,,,
E784,,,49.85,,,
E785,,,54.25,,,
E786,,,99.7,,,
E787,,,260.4,,,
E788,,,99.7,,,
E789,,,99.7,,,
E790,,,8.8,,,
E791,,,26,,,
E792,,,0,,,
E793,,,0,,,
E794,,,35.85,,,
E795,,,46.3,,,
E796,,,102.4,,,
E797,,,46.3,,,
E798,,,69.7,,,
E799,,,25.25,,,
E800,,,101.5,,,
E801,,,152.3,,,
E802,,,50.75,,,
E803,,,30.65,,,
E804,,,145.05,,,
E805,,,203.05,,,
E807,,,2644.75,,,
E808,,,150,,,
E809,,,250,,,
E815,,,398.15,,,
E817,,,15.35,,,
E818,,,24.9,,,
E819,,,54.65,,,
E820,,,49.75,,,
E822,,,37.7,,,
E823,,,233.65,,,
E824,,,49.85,,,
E825,,,63.95,,,
E826,,,0,,,
E827,,,600,,,
E828,,,104,,,
E829,,,300,,,
E830,,,107.2,,,
E831,,,0,,,
E832,,,273.85,,,
E833,,,116.1,,,
E837,,,50.75,,,
E838,,,79.4,,,
E839,,,19.2,,,
E840,,,119.2,,,
E841,,,226.8,,,
E842,,,58.6,,,
E843,,,103.05,,,
E844,,,200,,,
E845,,,140,,,
E846,,,95.7,,,
E847,,,75,,,
E848,,,80,,,
E849,,,220,,,
E852,,,49.25,,,
E853,,,145,,,
E854,,,170,,,
E855,,,25.85,,,
E857,,,78.45,,,
E860,,,131.45,,,
E861,,,9,,,
E862,,,0,,,
E863,,,0,,,
E870,,,8.35,,,
E874,,,0,0,64,0
E875,,,0,0,19.4,0
E876,,,0,0,9.7,0
E877,,,0,,,
E880,,,184.6,,,
E882,,,177.4,,,
E883,,,266.6,,,
E884,,,374,,,
E885,,,106,,,
E886,,,800,,,
E887,,,500,,,
E888,,,500,,,
E889,,,520,,,
E890,,,520,,,
E891,,,520,,,
E892,,,500,,,
E893,,,555,,,
E894,,,229.55,,,
E895,,,373.8,,,
E896,,,400.4,,,
E898,,,283.8,,,
E899,,,102.45,,,
E901,,,234.65,,,
E902,,,454.15,,,
E903,,,614.7,,,
E904,,,241,,,
E905,,,750,,,
E906,,,0,,,
E908,,,304.3,,,
E911,,,0,,,
E912,,,233.3,,,
E916,,,233.3,,,
E917,,,301.7,,,
E918,,,132.8,,,
E919,,,254.45,,,
E921,,,262.15,,,
E922,,,215.35,,,
E925,,,0,,,
E930,,,102.35,,,
E931,,,222.85,,,
E932,,,205,,,
E933,,,99.85,,,
E934,,,204.8,,,
E935,,,307.7,,,
E936,,,90,,,
E937,,,100,,,
E938,,,213.2,,,
E939,,,150,,,
E940,,,105,,,
E941,,,296.9,,,
E942,,,53.2,,,
E943,,,89.45,,,
E944,,,175.15,,,
E945,,,52.4,,,
E946,,,106.45,,,
E947,,,306.85,,,
E948,,,113.2,,,
E949,,,180,,,
E950,,,92.5,,,
E951,,,52.4,,,
E953,,,80.9,,,
E954,,,80.9,,,
E955,,,202.35,,,
E956,,,399.9,,,
E957,,,138.05,,,
E958,,,0,,,
E959,,,106.45,,,
E960,,,103.8,,,
E961,,,296.6,,,
E962,,,594.2,,,
E963,,,296.6,,,
E964,,,594.2,,,
E965,,,296.6,,,
E966,,,594.2,,,
E967,,,256.4,,,
E968,,,511.9,,,
E969,,,204.8,,,
E970,,,307.15,,,
E971,,,383.65,,,
E972,,,511.9,,,
E973,,,178.9,,,
E974,,,297.55,,,
E975,,,76.5,,,
E976,,,154,,,
E977,,,0,,,
E979,,,396.7,,,
E981,,,132.35,,,
E982,,,0,,,
E983,,,0,,,
E984,,,137.5,,,
E985,,,106.45,,,
E986,,,250,,,
F004,,,49.2,,,
F005,,,99.25,,,
F006,,,119.75,,,
F007,,,298.45,,,
F008,,,49.2,,,
F009,,,99.25,,,
F010,,,335.8,,,
F011,,,262.6,,,
F012,,,49.2,,,
F013,,,119.8,,,
F014,,,67.75,,,
F015,,,335.8,,,
F016,,,115.1,,,
F017,,,346.15,,,
F018,,,49.2,,,
F019,,,480,,,
F020,,,193,,,
F021,,,392.4,,,
F022,,,144.8,,,
F023,,,416.65,,,
F024,,,67.75,,,
F025,,,148.5,,,
F026,,,567.15,,,
F027,,,67.75,,,
F028,,,109.45,,,
F029,,,67.75,,,
F030,,,522.2,,,
F031,,,81.3,,,
F032,,,117.85,,,
F033,,,438.05,,,
F034,,,126.25,,,
F035,,,129,,,
F036,,,494.1,,,
F037,,,126.25,,,
F038,,,214.45,,,
F039,,,67.75,,,
F040,,,298.35,,,
F041,,,983.45,,,
F042,,,67.8,,,
F043,,,147.6,,,
F044,,,655.5,,,
F045,,,312.7,,,
F046,,,149.35,,,
F047,,,67.8,,,
F048,,,117.85,,,
F049,,,290.55,,,
F050,,,67.8,,,
F051,,,183.8,,,
F052,,,559.85,,,
F053,,,67.8,,,
F054,,,133.6,,,
F055,,,514.95,,,
F056,,,49.2,,,
F057,,,77.95,,,
F058,,,72.35,,,
F059,,,144.8,,,
F060,,,172.3,,,
F061,,,49.2,,,
F062,,,67.75,,,
F063,,,98.35,,,
F064,,,178.2,,,
F065,,,249.65,,,
F066,,,98.1,,,
F067,,,165.2,,,
F068,,,454.35,,,
F070,,,97.35,,,
F071,,,161.45,,,
F072,,,588.2,,,
F074,,,67.75,,,
F075,,,144.8,,,
F076,,,309.7,,,
F077,,,571.3,,,
F078,,,115.95,,,
F079,,,180.05,,,
F080,,,604.15,,,
F081,,,660,,,
F082,,,67.75,,,
F083,,,101.25,,,
F084,,,230.2,,,
F085,,,67.75,,,
F087,,,288.25,,,
F094,,,258,,,
F095,,,407.35,,,
F096,,,670,,,
F097,,,258.9,,,
F098,,,426.9,,,
F099,,,408.3,,,
F100,,,659.45,,,
F101,,,669.6,,,
F102,,,49.2,,,
F104,,,242.25,,,
F108,,,644.3,,,
F110,,,62.2,,,
F115,,,208.8,,,
F118,,,458.75,,,
F119,,,67.8,,,
F121,,,799.25,,,
F123,,,115.95,,,
F124,,,0,,,
F125,,,0,,,
F131,,,0,,,
F134,,,442.45,,,
F135,,,680.3,,,
F136,,,102.35,,,
F137,,,316.35,,,
F138,,,350,,,
F139,,,575,,,
F140,,,100,,,
F142,,,685.2,,,
F143,,,577.65,,,
F144,,,1594.9,,,
F146,,,0,,,
F150,,,256.4,,,
F200,,,178.5,,,
F201,,,280.5,,,
G001,,,5.7,,,
G002,,,2.26,,,
G004,,,1.58,,,
G005,,,3.88,,,
G009,,,4.45,,,
G010,,,2.64,,,
G011,,,13.05,,,
G012,,,1.93,,,
G014,,,5.7,,,
G015,,,11.37,,,
G016,,,9.82,,,
G017,,,14.48,,,
G018,,,28.44,,,
G019,,,9.31,,,
G020,,,14.48,,,
G021,,,15.51,,,
G022,,,14.48,,,
G023,,,25.85,,,
G024,,,38.78,,,
G025,,,20.68,,,
G026,,,31.02,,,
G027,,,11.37,,,
G028,,,10.34,,,
G029,,,28.44,,,
G030,,,5.17,,,
G031,,,6.4,,,
G032,,,23.27,,,
G033,,,23.27,,,
G034,,,15.51,,,
G035,,,7.76,,,
G036,,,10.34,,,
G037,,,20.68,,,
G039,,,1.03,,,
G040,,,15,,,
G041,,,3.7,,,
G042,,,2.5,,,
G043,,,7.5,,,
G050,,,203.05,,,
G060,,,55,,,
G061,,,30,,,
G062,,,160,,,
G063,,,29.2,,,
G064,,,20,,,
G065,,,62.5,,,
G066,,,55,,,
G067,,,80,,,
G068,,,125,,,
G075,,,30.5,,,
G082,,,380.75,,,
G083,,,380.75,,,
G085,,,369.65,,,
G090,,,317.25,,,
G094,,,67,,,
G096,,,67,,,
G098,,,32.35,,,
G099,,,168.4,,,
G100,,,32.35,,,
G101,,,33.55,,,
G103,,,6.05,,,
G104,,,0,19.6,0,0
G105,,,0,0,20.9,0
G108,,,20.2,,,
G111,,,0,53.6,0,0
G112,,,0,0,74.25,0
G115,,,46.3,,,
G117,,,170,,,
G118,,,130,,,
G119,,,190,,,
G120,,,0,0,7,0
G121,,,0,13.25,0,0
G123,,,17.1,,,
G125,,,100,,,
G126,,,0,0,7,0
G127,,,0,13.25,0,0
G138,,,0,0,71.65,0
G140,,,0,42.4,0,0
G141,,,0,0,19.15,0
G143,,,0,38,0,0
G144,,,0,0,19.15,0
G146,,,0,38,0,0
G147,,,0,0,12.3,0
G149,,,0,18.55,0,0
G150,,,0,0,19.2,0
G152,,,0,31.8,0,0
G153,,,0,10.3,0,0
G154,,,0,0,41.7,0
G166,,,0,0,10.45,0
G167,,,0,7,0,0
G174,,,0,49.35,0,0
G175,,,21.85,,,
G176,,,334.25,,,
G177,,,416.8,,,
G178,,,352.05,,,
G179,,,111.2,,,
G180,,,0,0,16.95,0
G181,,,0,12.2,0,0
G185,,,184.95,,,
G190,,,184.95,,,
G191,,,12.4,,,
G192,,,73.65,,,
G193,,,43.85,,,
G194,,,8.35,,,
G195,,,17,,,
G196,,,17,,,
G197,,,0,0,0.37,0
G198,,,2.39,,,
G199,,,40,,,
G200,,,8.65,,,
G201,,,1.6,,,
G202,,,4.45,,,
G203,,,1.6,,,
G204,,,12.4,,,
G205,,,13.15,,,
G206,,,2.39,,,
G207,,,14.15,,,
G208,,,21.25,,,
G209,,,0,0.72,0,0
G210,,,190.75,,,
G211,,,38.35,,,
G212,,,9.75,,,
G213,,,13.8,,,
G214,,,54.65,,,
G217,,,200,,,
G218,,,54.65,,,
G219,,,34.2,,,
G220,,,34.2,,,
G221,,,16.95,,,
G223,,,17.1,,,
G224,,,15.55,,,
G225,,,34.2,,,
G226,,,82.45,,,
G227,,,54.65,,,
G228,,,34.1,,,
G229,,,54.65,,,
G230,,,54.65,,,
G231,,,34.1,,,
G232,,,150,,,
G233,,,200,,,
G234,,,55.1,,,
G235,,,34.1,,,
G236,,,150,,,
G238,,,34.1,,,
G239,,,127.6,,,
G240,,,82.45,,,
G241,,,54.65,,,
G242,,,82.45,,,
G243,,,54.65,,,
G244,,,81.95,,,
G245,,,180,,,
G246,,,150,,,
G247,,,30.1,,,
G248,,,55,,,
G249,,,231.65,,,
G250,,,75.1,,,
G251,,,0,0,27.05,0
G254,,,34.7,,,
G256,,,34.1,,,
G257,,,77.25,,,
G258,,,44.25,,,
G259,,,383.3,,,
G260,,,80,,,
G261,,,331.05,,,
G262,,,210.4,,,
G263,,,96.45,,,
G264,,,34.1,,,
G265,,,17.1,,,
G266,,,278.85,,,
G267,,,270.05,,,
G268,,,31.25,,,
G269,,,31.25,,,
G270,,,23.9,,,
G271,,,12.75,,,
G272,,,0,,,
G275,,,205.45,,,
G276,,,15.35,,,
G277,,,82,,,
G278,,,41.8,,,
G279,,,80,,,
G280,,,186.9,,,
G281,,,7.7,,,
G282,,,19.9,,,
G283,,,11.3,,,
G284,,,9.3,,,
G285,,,32.9,,,
G286,,,32.9,,,
G287,,,82,,,
G288,,,200,,,
G289,,,110.95,,,
G290,,,41.8,,,
G291,,,19.85,,,
G292,,,10,,,
G296,,,110.95,,,
G297,,,117.55,,,
G298,,,78.95,,,
G299,,,110.95,,,
G300,,,110.95,,,
G301,,,122.4,,,
G303,,,51.25,,,
G305,,,122.4,,,
G306,,,110.95,,,
G307,,,0,0,9.55,
G308,,,0,9.3,,
G309,,,45.55,,,
G310,,,0,7,,
G311,,,0,2.03,,
G312,,,15.4,,,
G313,,,0,0,4.45,
G314,,,112,,,
G315,,,0,45.95,,
G317,,,0,0,27.8,
G319,,,0,0,62.05,
G320,,,0,0,4.3,
G321,,,0,0,47.65,
G322,,,9.6,,,
G323,,,177.1,,,
G324,,,102.95,,,
G325,,,354.2,,,
G327,,,77.3,,,
G328,,,39.8,,,
G329,,,20.25,,,
G330,,,237.4,,,
G331,,,213.7,,,
G332,,,0,0,122.25,
G334,,,4.05,,,
G336,,,17.65,,,
G337,,,16.95,,,
G338,,,24.9,,,
G340,,,45.45,,,
G341,,,16.95,,,
G342,,,31.05,,,
G344,,,42.3,,,
G345,,,75,,,
G347,,,96.35,,,
G348,,,96.35,,,
G349,,,45.3,,,
G350,,,0,0,76.05,
G351,,,0,0,31.85,
G352,,,9.6,,,
G353,,,0,0,28.75,
G354,,,0,0,38.5,
G355,,,9.6,,,
G356,,,33.8,,,
G357,,,19.55,,,
G358,,,24.9,,,
G359,,,105.15,,,
G362,,,6.25,,,
G363,,,22,,,
G365,,,12,,,
G366,,,148.5,,,
G369,,,5.3,,,
G370,,,20.25,,,
G371,,,19.9,,,
G372,,,3.89,,,
G373,,,6.75,,,
G374,,,54.3,,,
G375,,,8.85,,,
G376,,,10.2,,,
G377,,,13.3,,,
G378,,,39.95,,,
G379,,,6.15,,,
G380,,,27.05,,,
G381,,,54.25,,,
G382,,,13.95,,,
G383,,,0,,,
G384,,,8.85,,,
G385,,,4.55,,,
G387,,,125,,,
G388,,,25.75,,,
G389,,,13.9,,,
G390,,,262.4,,,
G391,,,30.6,,,
G394,,,12,,,
G395,,,57.45,,,
G396,,,24.9,,,
G398,,,63.65,,,
G399,,,44.15,,,
G400,,,223.1,,,
G401,,,146.45,,,
G402,,,58.6,,,
G403,,,21.15,,,
G404,,,61,,,
G405,,,183.8,,,
G406,,,96.45,,,
G407,,,64.2,,,
G408,,,155.9,,,
G409,,,77.95,,,
G410,,,68.4,,,
G411,,,192.1,,,
G412,,,311.9,,,
G413,,,170.85,,,
G414,,,0,25.75,,
G415,,,0,0,23.15,
G417,,,15.9,,,
G418,,,0,0,62.5,
G419,,,20.6,,,
G420,,,13.15,,,
G421,,,27.7,,,
G422,,,34.2,,,
G423,,,90.3,,,
G424,,,201,,,
G425,,,0,0,44.4,
G426,,,9.7,,,
G427,,,9.6,,,
G428,,,0,0,6.85,
G429,,,42.45,,,
G430,,,86.05,,,
G431,,,41.6,,,
G432,,,0,0,26.95,
G433,,,0,0,9.9,
G435,,,5.1,,,
G436,,,0,0,14.5,
G437,,,0,0,22.9,
G438,,,0,0,22.15,
G439,,,0,0,75,
G440,,,0,10.85,,
G441,,,0,18.9,,
G442,,,0,3.44,,
G443,,,0,8.25,,
G444,,,0,0,7,
G448,,,0,22.9,,
G450,,,0,0,5.7,
G451,,,0,19.6,,
G453,,,41.6,,,
G454,,,16.8,,,
G455,,,0,28.9,,
G456,,,0,0,99.9,
G457,,,0,0,61.95,
G458,,,191.7,,,
G460,,,330,,,
G461,,,500,,,
G462,,,1.65,,,
G463,,,90.3,,,
G466,,,0,19.45,,
G470,,,7.85,,,
G471,,,0,28.9,,
G473,,,0,0,275,
G475,,,23.75,,,
G476,,,5.4,,,
G477,,,0,0,5.4,
G478,,,89.7,,,
G479,,,103.4,,,
G480,,,9.9,,,
G481,,,1.37,,,
G482,,,7.35,,,
G483,,,9.7,,,
G485,,,45.45,,,
G486,,,28.5,,,
G487,,,28.5,,,
G488,,,18.8,,,
G489,,,3.54,,,
G490,,,42.3,,,
G493,,,6.25,,,
G494,,,10.2,,,
G495,,,42.3,,,
G496,,,0,0,120,
G497,,,49.8,,,
G498,,,10.2,,,
G499,,,49.8,,,
G500,,,31.8,,,
G501,,,6.25,,,
G509,,,80.4,,,
G510,,,21,,,
G511,,,17.75,,,
G512,,,67.75,,,
G513,,,42.3,,,
G514,,,10.6,,,
G515,,,46.3,,,
G516,,,0,0,36.9,
G517,,,10.05,,,
G518,,,0,0,11.2,
G519,,,0,10.9,J19,
G520,,,21.2,,,
G521,,,111.8,,,
G522,,,38,,,
G523,,,57.65,,,
G524,,,0,0,75,
G525,,,0,0,5.85,
G526,,,0,0,16.45,
G529,,,0,0,1.86,
G530,,,0,0,5.95,
G533,,,0,0,18.3,
G536,,,77.85,,,
G537,,,26.05,,,
G538,,,5.8,,,
G540,,,0,9.55,,
G541,,,0,41.2,,
G542,,,0,24.4,,
G543,,,0,0,120,
G544,,,0,8.75,,
G545,,,0,0,14.7,
,,,,,,
,,,,,,
,,,,,,
,,,,,,
,,,,,,
,,,,,,
,,,,,,
,,,,,,
,,,,,,
,,,,,,
,,,,,,
,,,,,,
,,,,,,
,,,,,,
,,,,,,
,,,,,,
,,,,,,
,,,,,,
,,,,,,
,,,,,,
,,,,,,
,,,,,,
,,,,,,
,,,,,,
,,,,,,
,,,,,,
,,,,,,
,,,,,,
,,,,,,
,,,,,,
,,,,,,
,,,,,,
,,,,,,
,,,,,,
,,,,,,
,,,,,,
,,,,,,
,,,,,,
,,,,,,
,,,,,,
,,,,,,
,,,,,,
,,,,,,
,,,,,,
,,,,,,
,,,,,,
,,,,,,
,,,,,,
,,,,,,
,,,,,,
,,,,,,
,,,,,,
,,,,,,
,,,,,,
,,,,,,
,,,,,,
,,,,,,
,,,,,,
,,,,,,
,,,,,,
,,,,,,
,,,,,,
,,,,,,
,,,,,,
,,,,,,
,,,,,,
,,,,,,
,,,,,,
,,,,,,
,,,,,,
,,,,,,
,,,,,,
,,,,,,
,,,,,,
,,,,,,
,,,,,,
,,,,,,
,,,,,,
,,,,,,
,,,,,,
,,,,,,
,,,,,,
,,,,,,
,,,,,,
,,,,,,
,,,,,,
,,,,,,
,,,,,,
,,,,,,
,,,,,,
,,,,,,
,,,,,,
,,,,,,
,,,,,,
,,,,,,
,,,,,,
,,,,,,
,,,,,,
,,,,,,
,,,,,,
,,,,,,
,,,,,,
,,,,,,
,,,,,,
,,,,,,
,,,,,,
,,,,,,
,,,,,,
,,,,,,
,,,,,,
,,,,,,
,,,,,,
,,,,,,
,,,,,,
,,,,,,
,,,,,,
,,,,,,
,,,,,,
,,,,,,
,,,,,,
,,,,,,
,,,,,,
,,,,,,
,,,,,,
,,,,,,
,,,,,,
,,,,,,
,,,,,,
,,,,,,
,,,,,,
,,,,,,
,,,,,,
,,,,,,
,,,,,,
,,,,,,
,,,,,,
,,,,,,
,,,,,,
,,,,,,
,,,,,,
,,,,,,
,,,,,,
,,,,,,
,,,,,,
,,,,,,
,,,,,,
,,,,,,
,,,,,,
,,,,,,
,,,,,,
,,,,,,
,,,,,,
,,,,,,
,,,,,,
,,,,,,
,,,,,,
,,,,,,
,,,,,,
,,,,,,
,,,,,,
,,,,,,
,,,,,,
,,,,,,
,,,,,,
,,,,,,
,,,,,,
,,,,,,
,,,,,,
,,,,,,
,,,,,,
,,,,,,
,,,,,,
,,,,,,
,,,,,,
,,,,,,
,,,,,,
,,,,,,
,,,,,,
,,,,,,
,,,,,,
,,,,,,
,,,,,,
,,,,,,
,,,,,,
,,,,,,
,,,,,,
,,,,,,
,,,,,,
,,,,,,
,,,,,,
,,,,,,
,,,,,,
,,,,,,
,,,,,,
,,,,,,
,,,,,,
,,,,,,
,,,,,,
,,,,,,
,,,,,,
,,,,,,
,,,,,,
,,,,,,
,,,,,,
,,,,,,
,,,,,,
,,,,,,
,,,,,,
,,,,,,
,,,,,,
,,,,,,
,,,,,,
,,,,,,
,,,,,,
,,,,,,
,,,,,,
,,,,,,
,,,,,,
,,,,,,
,,,,,,
,,,,,,
,,,,,,
,,,,,,
,,,,,,
,,,,,,
,,,,,,
,,,,,,
,,,,,,
,,,,,,
,,,,,,
,,,,,,
,,,,,,
,,,,,,
,,,,,,
,,,,,,
,,,,,,
,,,,,,
,,,,,,
,,,,,,
,,,,,,
,,,,,,
,,,,,,
,,,,,,
,,,,,,
,,,,,,
,,,,,,
,,,,,,
,,,,,,
,,,,,,
,,,,,,
,,,,,,
,,,,,,
,,,,,,
,,,,,,
,,,,,,
,,,,,,
,,,,,,
,,,,,,
,,,,,,
,,,,,,
,,,,,,
,,,,,,
,,,,,,
,,,,,,
,,,,,,
,,,,,,
,,,,,,
,,,,,,
,,,,,,
,,,,,,
,,,,,,
,,,,,,
,,,,,,
,,,,,,
,,,,,,
,,,,,,
,,,,,,
,,,,,,
,,,,,,
,,,,,,
,,,,,,
,,,,,,
,,,,,,
,,,,,,
,,,,,,
,,,,,,
,,,,,,
,,,,,,
,,,,,,
,,,,,,
,,,,,,
,,,,,,
,,,,,,
,,,,,,
,,,,,,
,,,,,,
,,,,,,
,,,,,,
,,,,,,
,,,,,,
,,,,,,
,,,,,,
,,,,,,
,,,,,,
,,,,,,
,,,,,,
,,,,,,
,,,,,,
,,,,,,
,,,,,,
,,,,,,
,,,,,,
,,,,,,
,,,,,,
,,,,,,
,,,,,,
,,,,,,
,,,,,,
,,,,,,
,,,,,,
,,,,,,
,,,,,,
,,,,,,
,,,,,,
,,,,,,
,,,,,,
,,,,,,
,,,,,,
,,,,,,
,,,,,,
,,,,,,
,,,,,,
,,,,,,
,,,,,,
,,,,,,
,,,,,,
,,,,,,
,,,,,,
,,,,,,
,,,,,,
,,,,,,
,,,,,,
,,,,,,
,,,,,,
,,,,,,
,,,,,,
,,,,,,
,,,,,,
,,,,,,
,,,,,,
,,,,,,
,,,,,,
,,,,,,
,,,,,,
,,,,,,
,,,,,,
,,,,,,
,,,,,,
,,,,,,
,,,,,,
,,,,,,
,,,,,,
,,,,,,
,,,,,,
,,,,,,
,,,,,,
,,,,,,
,,,,,,
,,,,,,
,,,,,,
,,,,,,
,,,,,,
,,,,,,
,,,,,,
,,,,,,
,,,,,,
,,,,,,
,,,,,,
,,,,,,
,,,,,,
,,,,,,
,,,,,,
,,,,,,
,,,,,,
,,,,,,
,,,,,,
,,,,,,
,,,,,,
,,,,,,
,,,,,,
,,,,,,
,,,,,,
,,,,,,
,,,,,,
,,,,,,
,,,,,,
,,,,,,
,,,,,,
,,,,,,
,,,,,,
,,,,,,
,,,,,,
,,,,,,
,,,,,,
,,,,,,
,,,,,,
,,,,,,
,,,,,,
,,,,,,
,,,,,,
,,,,,,
,,,,,,
,,,,,,
,,,,,,
,,,,,,
,,,,,,
,,,,,,
,,,,,,
,,,,,,
,,,,,,
,,,,,,
,,,,,,
,,,,,,
,,,,,,
,,,,,,
,,,,,,
,,,,,,
,,,,,,
,,,,,,
,,,,,,
,,,,,,
,,,,,,
,,,,,,
,,,,,,
,,,,,,
,,,,,,
,,,,,,
,,,,,,
,,,,,,
,,,,,,
,,,,,,
,,,,,,
,,,,,,
,,,,,,
,,,,,,
,,,,,,
,,,,,,
,,,,,,
,,,,,,
,,,,,,
,,,,,,
,,,,,,
,,,,,,
,,,,,,
,,,,,,
,,,,,,
,,,,,,
,,,,,,
,,,,,,
,,,,,,
,,,,,,
,,,,,,
,,,,,,
,,,,,,
,,,,,,
,,,,,,
,,,,,,
,,,,,,
,,,,,,
,,,,,,
,,,,,,
,,,,,,
,,,,,,
,,,,,,
,,,,,,
,,,,,,
,,,,,,
,,,,,,
,,,,,,
,,,,,,
,,,,,,
,,,,,,
,,,,,,
,,,,,,
,,,,,,
,,,,,,
,,,,,,
,,,,,,
,,,,,,
,,,,,,
,,,,,,
,,,,,,
,,,,,,
,,,,,,
,,,,,,